user_id,product_id,interaction_type,timestamp
1,4c69b61db1fc16e7013b43fc926e502d,purchase,2023-10-10 08:00:00
7,40d3cd16b41970ae6872e914aecf2c8e,purchase,2023-10-16 08:00:00
10,69828c5570dcdbd1609216d33fbad0db,purchase,2023-10-19 08:00:00
11,7b0746d8afc8462ba17f8a763d9d5f1e,purchase,2023-10-20 08:00:00
17,d82015ffbf4cd54b0edfb890002971f3,purchase,2023-10-26 08:00:00
20,fd71391871b94ead84733bc272dd5886,purchase,2023-10-29 08:00:00
21,a84f14dd0114d78f178b16f093cab0e0,purchase,2023-10-30 08:00:00
27,326ebcfaa8d5204b634b5648e88e2fe4,purchase,2023-11-05 08:00:00
30,c15e7efbe14b9bbcb8b7fe31f9818021,purchase,2023-11-08 08:00:00
31,5bb4a9aa52085ada20006d166b1e2f87,purchase,2023-11-09 08:00:00
37,4449b3fa30a6becd3ede26511c8b2180,purchase,2023-11-15 08:00:00
40,c3296d8ad42c3998c205f0dbca3998f3,purchase,2023-11-18 08:00:00
41,3d63af78f4051d04ff6244e9cd299654,purchase,2023-11-19 08:00:00
47,e84e6e3a05a6fc610ff155b851fa1713,purchase,2023-11-25 08:00:00
50,a6c9ec0ff537edf9736f99b3ca993506,purchase,2023-11-28 08:00:00
51,2d835e536f3e4aed4005091fe3955ebb,purchase,2023-11-29 08:00:00
55,43a663416f7a8325321942235dfa6ef7,purchase,2023-12-03 08:00:00
61,5483f67f50a97a8dd7f404f80eab75e1,purchase,2023-12-09 08:00:00
64,a837eca35fd596cd19b7c5601a1342bc,purchase,2023-12-12 08:00:00
65,b4358a38037a7e7fbcd7fe16970e7bff,purchase,2023-12-13 08:00:00
71,18bf3174cb5fcba9e72702c927019cb3,purchase,2023-12-19 08:00:00
74,7b3118bcb208e06362ff2eb42d5b9b3c,purchase,2023-12-22 08:00:00
75,1195f9df08a6df42fdd8b1892c335889,purchase,2023-12-23 08:00:00
81,1f25e0968f5ab9451c985211bdfe4e27,purchase,2023-01-01 00:00:00
84,43cf83baf4862cb9f887c7dd08650162,purchase,2022-12-30 10:00:00
85,4c63c213190352c4ca32ee3f19a9f80b,purchase,2022-12-31 10:00:00
91,eae3be3cc19d4e642c2578cba1703d04,purchase,2023-01-06 10:00:00
94,8406b5a5a8f4b30bd4a9fcc89cca983f,purchase,2023-01-09 10:00:00
95,d229c3105ea7858cd1d92641a34b4ec8,purchase,2023-01-10 10:00:00
101,0379ca9ef04209d1aae2106711eb7c76,purchase,2023-01-16 10:00:00
104,9a895f02b4ad0cae5802632c1993eb06,purchase,2023-01-19 10:00:00
107,814e4711e4823f8f00f058552fde21fa,purchase,2023-01-22 10:00:00
113,49f3c6b312e7fecbf0ddadd4a080add7,purchase,2023-10-13 08:00:00
116,8e07a9181d2ec9ee5950021ea3d8b2a0,purchase,2023-10-16 08:00:00
117,81f53d27640a0e3325dcd555c4e87fe1,purchase,2023-10-17 08:00:00
122,d9809a6fc787570b33d9f44c5d4e1415,purchase,2023-10-22 08:00:00
128,41fa5a2332e5c062b2b8f2b14daa5e5e,purchase,2023-10-28 08:00:00
131,8b3ed216e8ea2a65feb8843e16e57217,purchase,2023-10-31 08:00:00
132,1d6d1a47bc11a7549b994c0e8cbd8804,purchase,2023-11-01 08:00:00
138,167a657569966c53f85837414f11fef0,purchase,2023-11-07 08:00:00
141,55259e7b18b0f9c485d920d401dafed3,purchase,2023-11-10 08:00:00
142,1d3b2d2a7a30a088f5c0e2976b8b37ca,purchase,2023-11-11 08:00:00
147,15b3da22b8a28a4fd632e08d03af7c69,purchase,2023-11-16 08:00:00
153,6932ffb2c1475a79312b47f46b24e64a,purchase,2023-11-22 08:00:00
156,18cad95602932158f77c11ac60921726,purchase,2023-11-25 08:00:00
157,840962c7998fc95967637adcbbe40031,purchase,2023-11-26 08:00:00
163,aade3ca10a67c48547cb7321a8bfdff2,purchase,2023-12-02 08:00:00
166,b16353a747c799db484e5bf81167c98c,purchase,2023-12-05 08:00:00
167,44af50aecebcfbca03654d2ab92aac6b,purchase,2023-12-06 08:00:00
168,f4d3330e05b15674aa1f2c5b4d044cd4,purchase,2023-12-07 08:00:00
174,5ec9d590a90fce754b08cc415627ef07,purchase,2023-12-13 08:00:00
177,26175eb509322b28aecf0965db4fcae1,purchase,2023-12-16 08:00:00
178,8810d7ffdc995fd1905089cf090f2d5d,purchase,2023-12-17 08:00:00
179,37069a8a693f09448ea83242955ff56c,purchase,2023-12-18 08:00:00
185,49a72f6326b0e800e35de10585b53b97,purchase,2023-12-24 08:00:00
188,0d5ad41b9643f3b0ddedd4a4e66dad6d,purchase,2023-12-27 08:00:00
189,8094240b7ccaaea48c04ab37b889d29b,purchase,2023-12-28 08:00:00
195,39887c2739efaea41c8ff64b2bcf5a05,purchase,2023-01-01 10:00:00
198,67c5ad1b80a48100edd86b683ca6056d,purchase,2023-01-04 10:00:00
199,e38b5f6d4d43c40bbb254a7eb0ef919a,purchase,2023-01-05 10:00:00
205,d0777b6e4b75a1c3edac4547132635c6,purchase,2023-01-11 10:00:00
211,4dc89545c42440c3130eacc99ac0e1e2,purchase,2023-01-17 10:00:00
214,e445b3013605b075f00d38a17f672c46,purchase,2023-01-20 10:00:00
215,69d94b2a9fd2f8d6af37bf84f5867d1b,purchase,2023-01-21 10:00:00
216,949fecfddf19be861707825572c4fd42,purchase,2023-01-22 10:00:00
222,d9f0af321c22c625b2a9145fbcdccbe2,purchase,2023-01-28 10:00:00
225,399bb9009c2a058755faa7b1889fd2c5,purchase,2023-01-31 10:00:00
226,a6737b0c04b96b728bc14669376d3ebf,purchase,2023-02-01 10:00:00
232,aa6b0cc46a76b6ff6aeafa2eec3c7816,purchase,2023-02-07 10:00:00
235,45552618acd76bfc988bbcc3a1b1c283,purchase,2023-02-10 10:00:00
236,3cdbb47eb172e3493578a8e34a03620b,purchase,2023-02-11 10:00:00
242,4113d917ad2aebb11bda8be942af8c8f,purchase,2023-02-17 10:00:00
245,f014ccef100ac3121c4522e693fa737f,purchase,2023-02-20 10:00:00
246,891db9b404384c144c8f7821ec997c35,purchase,2023-02-21 10:00:00
252,22bccbee6c18e566f04592da316e3c34,purchase,2023-02-27 10:00:00
255,f686fb07d2973557ef45f532b928e458,purchase,2023-03-02 10:00:00
256,82d6de2993fa037d25d5c72ebe3d3243,purchase,2023-03-03 10:00:00
262,2d584ce3af7e45ddaf7cf6b437ee2dd4,purchase,2023-03-09 10:00:00
265,a0ab6d26f3316848cdabb34aa091697b,purchase,2023-03-12 10:00:00
266,c2cbb52a1cbbd9cbd15af7e1941b8258,purchase,2023-03-13 10:00:00
272,c16b45bd9a78192f515943d6e9a0ce6e,purchase,2023-03-19 10:00:00
275,dea30d4ffebdef86db48683ea1eba3e1,purchase,2023-03-22 10:00:00
278,8b205983b35a7751fe26ac6a2bdf0fda,purchase,2023-03-25 10:00:00
284,17f96f39eb7728be6910508a529710ea,purchase,2023-03-31 10:00:00
287,35d0e484bbb4687112e52071376dde6b,purchase,2023-04-03 10:00:00
288,2e2d46cee23bf6e46bcfc3202be60176,purchase,2023-04-04 10:00:00
294,892cac2d4cd163b5a93bf10620269b6e,purchase,2023-04-10 10:00:00
297,1415fed85fb0f78111c2572fdf57dcd2,purchase,2023-04-13 10:00:00
298,193bbc5ac833527b38df3f6c88acdb56,purchase,2023-04-14 10:00:00
304,507f45a97083f6f8ae4fb0fd11963d32,purchase,2023-04-20 10:00:00
307,1a87e17929a9a29a3161a87fbb86a18e,purchase,2023-04-23 10:00:00
308,37cded0a92727142293921e711c05e7a,purchase,2023-04-24 10:00:00
314,ded138c8d2e126d79ccd19a8d0c7f192,purchase,2023-04-30 10:00:00
317,0b9df9bc7f554b556776ce0cf62debfa,purchase,2023-05-03 10:00:00
318,b00971a083cd293c234215584fbe6d34,purchase,2023-05-04 10:00:00
324,89d180e819d5a779ddec1f8737488821,purchase,2023-05-10 10:00:00
327,9a414245dc3972e6301c7ea239088881,purchase,2023-05-13 10:00:00
328,fd5f30eec19fcd525cfce4efd0124576,purchase,2023-05-14 10:00:00
332,aa6d59104ede603e4c486c0bde64d133,purchase,2023-05-18 10:00:00
338,dbdb8165477d4b70d901415170902cd1,purchase,2023-05-24 10:00:00
341,c2998ccb6be79d1166e19f9feefe7148,purchase,2023-05-27 10:00:00
342,58da81392cdc50ef4d56464fe08c7ced,purchase,2023-05-28 10:00:00
348,a9120f43a7645d15d502315dd97c640b,purchase,2023-06-03 10:00:00
351,9bb9ad66025e751bdb6fbc2b88483726,purchase,2023-06-06 10:00:00
352,c391dce19a39e8076c6c3ecee695bb6e,purchase,2023-06-07 10:00:00
358,cc91d2b941d4bcca4dd633ce4036b62e,purchase,2023-06-13 10:00:00
361,7944411699d80e83681914a7c74732cc,purchase,2023-06-16 10:00:00
362,8983edfaaf5bcecc0ae5e30e11023aa7,purchase,2023-06-17 10:00:00
368,22c1b9375835364542afac83e6bd14b0,purchase,2023-06-23 10:00:00
371,940e3cb2f317465975d3eb84d5b5b705,purchase,2023-06-26 10:00:00
372,c08b94a4c71ffbebcc8ce8e8f59301a7,purchase,2023-06-27 10:00:00
378,6f12ed34925f9493750ec9bff68acca2,purchase,2023-07-03 10:00:00
381,ec8a992d46f0a547465ef987bcbedba5,purchase,2023-07-06 10:00:00
384,ee99550f3696ae1229034dc376be972e,purchase,2023-07-09 10:00:00
390,bbd4619e106b914d04d0cbe4d21b9184,purchase,2023-07-15 10:00:00
393,554b218f98d7938948cafc7bf6f374f5,purchase,2023-07-18 10:00:00
394,36c53f6d8274afb67a09ede1561c90bf,purchase,2023-07-19 10:00:00
399,36d9422869af3d53fbb444a2db92db5f,purchase,2023-07-24 10:00:00
405,b895173a5ad0ec3f370777cf0953b52e,purchase,2023-07-30 10:00:00
408,9952053dcd6dc43d321a85127afc4051,purchase,2023-08-02 10:00:00
409,d6125dee74cc6bae8035983c25b17a55,purchase,2023-08-03 10:00:00
415,c8eaae7172f31014730444541a5dec24,purchase,2023-08-09 10:00:00
418,97f1fb00a793066b4792c1e728ffe32c,purchase,2023-08-12 10:00:00
419,74793917046a36f292036ccd256993cc,purchase,2023-08-13 10:00:00
424,b879585abf9d0876160b2ff904be2aeb,purchase,2023-08-18 10:00:00
430,06ee7da78ca5a35987692489faa0e218,purchase,2023-08-24 10:00:00
433,8fdb341a6b8b3241ee75f3ee426a6b63,purchase,2023-08-27 10:00:00
434,9b4ff72e146531ab746a9f83d7c3b869,purchase,2023-08-28 10:00:00
440,891cac5659f0725d805dd7bd8f2d533f,purchase,2023-09-03 10:00:00
443,90f190666061ac8135229f7d6de7e34a,purchase,2023-09-06 10:00:00
444,7c9baddfec5619a1e8221383500f7d38,purchase,2023-09-07 10:00:00
445,6f15e433a39f5c0fcdaa627012bf1b57,purchase,2023-09-08 10:00:00
451,fc9698fb20c8cfbd2d1fb4ed51c8e7f7,purchase,2023-09-14 10:00:00
454,aa7e32862f2b6938a700059b42c9a93e,purchase,2023-09-17 10:00:00
455,ca60bfaf525369543188f03b98d5d75e,purchase,2023-09-18 10:00:00
456,70f736c95aec58fad1d62b178f5dab32,purchase,2023-09-19 10:00:00
462,800e0ec11379fa8948cd9d78eee1dfff,purchase,2023-09-25 10:00:00
465,122efd61f2d945c53b6c359846136062,purchase,2023-09-28 10:00:00
466,b47ca8eae8e6379f5a5104574833bd66,purchase,2023-09-29 10:00:00
472,3540c0a24abfe24acd2a323c9d4864f4,purchase,2023-10-05 10:00:00
475,2f868132d7ee90e0ff145a36a80dbcd8,purchase,2023-10-08 10:00:00
476,001ea8215e519a8388c1f1574662550e,purchase,2023-10-10 08:00:00
482,f4c61a5053a6a67652a5e28906640b22,purchase,2023-10-13 08:00:00
488,992400c7cac86772801a85d109cde9f0,purchase,2023-10-19 08:00:00
491,210556ce06745bafdb69d17623f1a63a,purchase,2023-10-22 08:00:00
492,7b02d2bfcadb05549d4aa8da3a6e3177,purchase,2023-10-23 08:00:00
493,9ff8a336c85ad48009684552340f8485,purchase,2023-10-24 08:00:00
499,69eef08a7e51929fbc98e4650d15215c,purchase,2023-10-30 08:00:00
502,2eae820fc975e1b08f2c2992c65473ab,purchase,2023-11-02 08:00:00
503,9d1e87ff204e64c01d39f92a2dd26484,purchase,2023-11-03 08:00:00
509,d94c0dc1c0215ed6b3918f5c7b2a08cb,purchase,2023-11-09 08:00:00
512,c8b3cd29605c96af3a868423ac952842,purchase,2023-11-12 08:00:00
513,0edbfd34ef79ed168a66ff581debbcb1,purchase,2023-11-13 08:00:00
519,0f18da1fd51ecf280374f2a330a44fc3,purchase,2023-11-19 08:00:00
522,b417eaf8a7f76cb8d4b82ab2e29c3eb0,purchase,2023-11-22 08:00:00
523,e2baa87b9a39e6f40f55b72695c3b08f,purchase,2023-11-23 08:00:00
529,104413c59fbe630a67af9bd1399a755c,purchase,2023-11-29 08:00:00
532,445500cac0eb96d50d06411215ef16d7,purchase,2023-12-02 08:00:00
533,86a945cbd224573b5522263690f9a950,purchase,2023-12-03 08:00:00
539,93f9547c8ade66eb42934011c318f9e0,purchase,2023-12-09 08:00:00
542,4dd0765795a35d8f6250da5d56dce607,purchase,2023-12-12 08:00:00
543,342b2bbe677c81722e64f85bf3b60d49,purchase,2023-12-13 08:00:00
549,1d1a6a9cae9cc1ce691491239a63a824,purchase,2023-12-19 08:00:00
552,1952b686e7dbbdce310bb111a9f02683,purchase,2023-12-22 08:00:00
554,2cc7135aa3dfe84b2a07094f0c45fbf9,purchase,2023-12-24 08:00:00
560,0ab94c7124b3daaf3ea13b24384b6e39,purchase,2022-12-28 10:00:00
563,424084c339ac914d340e3ebce8473e17,purchase,2022-12-31 10:00:00
564,bb73dcf116b625ee294970951b6a5f55,purchase,2023-01-01 10:00:00
570,b0afcea9fcaad5acfc8158231e319581,purchase,2023-01-07 10:00:00
573,1eefd4a9f26e2d87c4c6313fae4a9806,purchase,2023-01-10 10:00:00
574,0317f1c0995643ad222ccf3ad5e48b14,purchase,2023-01-11 10:00:00
580,0bd20123abf8264c64c829fddefcd75f,purchase,2023-01-17 10:00:00
583,cf6b14c946bfb8a6df1c5b05d60ced5b,purchase,2023-01-20 10:00:00
584,c9f38149cd0c59576905c321b265103a,purchase,2023-01-21 10:00:00
590,6f97293a7ce6f78a3eaaf6eaaa3ea3d4,purchase,2023-10-12 08:00:00
593,07ad500243385f87158e5528b69d8095,purchase,2023-10-15 08:00:00
594,9e36ec56b97e87c6e198d8f959f9a432,purchase,2023-10-16 08:00:00
600,d62b181f28e36fafe787b890ae215a9e,purchase,2023-10-22 08:00:00
603,a72c6a061e0d20587d2ac21a402857b7,purchase,2023-10-25 08:00:00
604,3c755f43a9e8250eca55f0d29b72122a,purchase,2023-10-26 08:00:00
608,b2888965b2eb97c91650669ae951765f,purchase,2023-10-30 08:00:00
614,5bef396827c8a7d0b2e1d0bdd698002b,purchase,2023-11-05 08:00:00
617,ce8029f5d8f4a4e0f99ae6187fae74b5,purchase,2023-11-08 08:00:00
618,719f2de9289b1fc7e6d90ac50bdddc23,purchase,2023-11-09 08:00:00
624,97eeac8d58c7693935c8c762947c6901,purchase,2023-11-15 08:00:00
627,99908fa9c92da386af75956b8d1bdf1f,purchase,2023-11-18 08:00:00
628,62613aab30c6cf3f14baa97c39f3ca3f,purchase,2023-11-19 08:00:00
633,267bd63660006ea038288cde7dd2eb75,purchase,2023-11-24 08:00:00
639,655649a621bac2f90306e32854d0e9f5,purchase,2023-11-30 08:00:00
642,870b1970e9328e5123a78fe4e4417e79,purchase,2023-12-03 08:00:00
643,198651a0f2df856435f4e7401d2329ca,purchase,2023-12-04 08:00:00
649,2ccf4867d742a3664af73b6875bb3453,purchase,2023-12-10 08:00:00
652,e843148804a37106a9b8a700a1ff9d3f,purchase,2023-12-13 08:00:00
653,2f151b429b2fd57d8ae42c98c873b37e,purchase,2023-12-14 08:00:00
659,f19de211a3c460a2ecba3839235db5be,purchase,2023-12-20 08:00:00
662,e86b0ab6b2ab0a210d924d3b1a069904,purchase,2023-12-23 08:00:00
663,d2f0f3601c49ed2cb7345fb2fe54fd47,purchase,2023-12-24 08:00:00
669,106179e8b546df90238b1a3661f3c7eb,purchase,2022-12-28 10:00:00
672,21d76ddb14c14c83aa81f6ef32617594,purchase,2022-12-31 10:00:00
673,2608efa986e111813714a43dba24b085,purchase,2023-01-01 10:00:00
679,918686ea87ed7c9435159b21afa19b1f,purchase,2023-01-07 10:00:00
682,5d8ef640219042434eb95d1e723d51e0,purchase,2023-01-10 10:00:00
683,6553b6b4f5a7e87832ee5c7dd64ed098,purchase,2023-01-11 10:00:00
687,9d8ca24e5e2d531fb768aba114205c47,purchase,2023-01-15 10:00:00
693,0a506633fdac76fea95f40286b01d007,purchase,2023-10-13 08:00:00
696,10968425526e4a5c6df88268a6b72f7c,purchase,2023-10-16 08:00:00
697,0aea512116b5ef0b910d41626c678aac,purchase,2023-10-17 08:00:00
703,5f54876d29739ac58647d9755e0e214b,purchase,2023-10-23 08:00:00
706,d873563f5b73b6fddca1319aabdf9cfe,purchase,2023-10-26 08:00:00
707,7f04d4c5aad3d586293f63e4ca1f086d,purchase,2023-10-27 08:00:00
713,68e0097b8cfb244218c2d73898686033,purchase,2023-11-02 08:00:00
716,191f6783c92e290843244190c68029dd,purchase,2023-11-05 08:00:00
717,1f0b63f41d6e271f170dd1372f6b3032,purchase,2023-11-06 08:00:00
723,29374067636efcdbfdb23dfa689f7a2d,purchase,2023-11-12 08:00:00
726,c1bfa22716a11a912a370723c4877e50,purchase,2023-11-15 08:00:00
727,85d9f764da30a735bf30dc4494398c30,purchase,2023-11-16 08:00:00
733,58326b92e98431ef3aaf41e18b9caf4c,purchase,2023-11-22 08:00:00
736,3cee92e17483f36f7dfff6cb8f78cef2,purchase,2023-11-25 08:00:00
739,def41984a2f562573bfee5bf3994e47e,purchase,2023-11-28 08:00:00
745,749f036e6fe60769791e0dac36d2f680,purchase,2023-12-04 08:00:00
748,57cf282b5587d3f2f809283c4cc78779,purchase,2023-12-07 08:00:00
749,1722dc7993e15fa6e2007b898df1a1ae,purchase,2023-12-08 08:00:00
754,e1dfce2d1dde3638b90e8239e194da78,purchase,2023-12-13 08:00:00
760,944f2d3b608153c864dfc923451a8e16,purchase,2023-12-19 08:00:00
763,cefa46ce0839434da149694d45a77181,purchase,2023-12-22 08:00:00
764,a18777f2f58cac8a9781717e4c8cb4a8,purchase,2023-12-23 08:00:00
770,02219a2cea8568b829119faeb89a018a,purchase,2023-01-01 00:00:00
773,86206da37c9119c234bb1e016d5942b1,purchase,2022-12-30 10:00:00
774,9069db92c464982f9c1c82d668ecd603,purchase,2022-12-31 10:00:00
779,0f360728a5a4b8374722b472a97fbe70,purchase,2023-01-05 10:00:00
785,a92b32209a8b3175459b7f89d9a012b4,purchase,2023-10-15 08:00:00
788,2571b007023ab6f3d6e43e6ee2b660d5,purchase,2023-10-18 08:00:00
789,8d00e15b704a0ba2f86ea3dc4527b367,purchase,2023-10-19 08:00:00
795,30abe95e89f6ee4e1004b58b90577a6a,purchase,2023-10-25 08:00:00
798,eff4ac46812019e9b1f4490f9a27514f,purchase,2023-10-28 08:00:00
799,b884aae388fd30195262bb0b5431b99e,purchase,2023-10-29 08:00:00
800,bdc23cf547750e638698fcef24d843ae,purchase,2023-10-30 08:00:00
806,8286d7fb2639ff6e0d94f3a90ee64b0f,purchase,2023-11-05 08:00:00
809,4dd473c291721eb18247991f22c25182,purchase,2023-11-08 08:00:00
810,d2cbabf462a8910f4f7dd1e935599837,purchase,2023-11-09 08:00:00
811,a4030fa428f31ae61e3889892bb98d45,purchase,2023-11-10 08:00:00
817,038fa0440dc2b090e0a04c33edfff391,purchase,2023-11-16 08:00:00
820,704f447c29102b5abaf9eed84c18010c,purchase,2023-11-19 08:00:00
821,1d016233a79c98fd21eb8db2fa5a10c4,purchase,2023-11-20 08:00:00
827,b5d3dcd9857209923e9d91671c9b5424,purchase,2023-11-26 08:00:00
830,d273a6f273df95104c6d51f98c0ab541,purchase,2023-11-29 08:00:00
831,12acd05d33b45dd884cfbbaba2338608,purchase,2023-11-30 08:00:00
837,2864cd7f67cb38786b9075dac75095f9,purchase,2023-12-06 08:00:00
843,9dd1e902152897761b0350482e730c77,purchase,2023-12-12 08:00:00
846,f0862e368c886e083214bd0bda2733fc,purchase,2023-12-15 08:00:00
847,646a7d919b4ebc7c75d2cf483b833aac,purchase,2023-12-16 08:00:00
848,cd09a01ef064c57a5e5cd9a5cd88c722,purchase,2023-12-17 08:00:00
854,ef5df9ecca3d83fc26d786e7e2cf690e,purchase,2023-12-23 08:00:00
857,a976f2a3882587425bbf44ae7de547d9,purchase,2023-12-26 08:00:00
858,9080830693aff4fe1019c51325a6ea5a,purchase,2023-12-27 08:00:00
864,83c5d5b3ba41c3753edb021d8b53e0b8,purchase,2022-12-31 10:00:00
867,732d5c51f07d651b2072def656bd6093,purchase,2023-01-03 10:00:00
868,a061473e1b146bd8eae72570f3cfe8ff,purchase,2023-01-04 10:00:00
874,ea5c9c223405080d4e865874e5397333,purchase,2023-01-10 10:00:00
877,470e493d0ce54ac8016c4eb2bb721512,purchase,2023-10-12 08:00:00
878,9a44b870a0089070f78303e493f74806,purchase,2023-10-13 08:00:00
884,08250dcbada4cd9dd72368b174c6d0b4,purchase,2023-10-19 08:00:00
887,fc25ef8a945024e9559e52680ed8a802,purchase,2023-10-22 08:00:00
888,66fdb1cb810f2f3dc58a9eabb05f5036,purchase,2023-10-23 08:00:00
894,cce39cc11d3af888f8d79ed2842acf45,purchase,2023-10-29 08:00:00
897,d80f24a2d6d94055fa07a5f4ae81d7c8,purchase,2023-11-01 08:00:00
898,f09303c4b66053940daf1858816445b8,purchase,2023-11-02 08:00:00
904,adbb4cacfd5c3379a09226a880e7eae6,purchase,2023-11-08 08:00:00
907,6b29a73ef59f4495d1793780edd83a73,purchase,2023-11-11 08:00:00
942,8262b1da2a9252ae01a145d52fd225ab,purchase,2023-12-16 08:00:00
948,3408a6f5dad0ca63a3ce1cf2759213ea,purchase,2023-12-22 08:00:00
951,1dbb4395d86ad73edf108f6c2ae70ca6,purchase,2023-12-25 08:00:00
952,33839ee182ea6d04c847dcd280cf32b7,purchase,2023-12-26 08:00:00
958,5e840b8d466a44a5d0b657978e7fd6bf,purchase,2022-12-30 10:00:00
961,0ce877cd69fa9422f9ff3595e16a7f56,purchase,2023-01-02 10:00:00
962,64a23649bd8bfc3a220823ec8c73a2c5,purchase,2023-01-03 10:00:00
968,6525b7bae4e7c7a8387acd01f65865ef,purchase,2023-01-09 10:00:00
971,d36766dad65a23944abc11a4c16b3577,purchase,2023-01-12 10:00:00
972,2c05aa6dd0cd98a17e9b479e864ce72d,purchase,2023-01-13 10:00:00
978,0338da11b6d49e83622a4123d9610ea5,purchase,2023-01-19 10:00:00
981,eba1c78f2ef43efce1a0b829de177fee,purchase,2023-01-22 10:00:00
982,fafb7e9da173e466f9538dfde71421f3,purchase,2023-01-23 10:00:00
988,edcd8552c6847028d2be4769aa03d52b,purchase,2023-10-14 08:00:00
991,6d973efbc197cbe71cecd0e95dbd9a76,purchase,2023-10-17 08:00:00
992,e9ea65ba1bbe24ea133e70b29340d8a6,purchase,2023-10-18 08:00:00
996,b154535de7fb99aaf266e7d4734d34a7,purchase,2023-10-22 08:00:00
1002,e7d7723e490ad542d4d2423ca2541433,purchase,2023-10-28 08:00:00
1005,6da4bb2fc8c0c4a81c90dafe491cb84e,purchase,2023-10-31 08:00:00
1006,d92c10e1df8112236639658d0c023cac,purchase,2023-11-01 08:00:00
1012,657263b44d454d69464a05466accbd36,purchase,2023-11-07 08:00:00
1015,574f90b64254afcd8a9f9a41eaf35932,purchase,2023-11-10 08:00:00
1016,50468ee6b737733333bc56801e5cb1fa,purchase,2023-11-11 08:00:00
1022,442073b684773539900e9e3d83c269b3,purchase,2023-11-17 08:00:00
1025,3ad156ac25814c3bc2d93a97b26f6016,purchase,2023-11-20 08:00:00
1026,b9c07c4484176e30e54895fa5b30ed2d,purchase,2023-11-21 08:00:00
1032,aae5319e38fcff7a9fe5764e7969a827,purchase,2023-10-15 08:00:00
1035,b47ca79ef0c7312b6df512ee38290c46,purchase,2023-10-18 08:00:00
1036,42d621ee792e9494bded3249e12c3102,purchase,2023-10-19 08:00:00
1042,1d5e200ec04b7b4af2b7ea86d08a6b69,purchase,2023-10-25 08:00:00
1045,3b7be7b4e0a715bb4fa140c64517cf09,purchase,2023-10-28 08:00:00
1048,47bd8941a3f713a3b0db5fb8b8ddae16,purchase,2023-10-31 08:00:00
1054,6747933790071803fb9a8230827a4072,purchase,2023-11-06 08:00:00
1057,ed92fe448d217585fb2b8a8708e6d4ae,purchase,2023-11-09 08:00:00
1058,96365e170717ef8fb3fd3de9ddc33ca1,purchase,2023-11-10 08:00:00
1063,8962e3b1b4fef15b5eb3f78160aa5796,purchase,2023-11-15 08:00:00
1069,f4da9230e3e04e5bc32eeebe88d42722,purchase,2023-11-21 08:00:00
1072,34da842b4d1d375e3aff25741858a804,purchase,2023-11-24 08:00:00
1073,72f80f7f4e8fbf21fb0133e4e10c5a3a,purchase,2023-11-25 08:00:00
1079,d0d2a73701667efc0f63245b443c2f59,purchase,2023-12-01 08:00:00
1082,ebb2f66fc821729f98e3397a7b7e7e5e,purchase,2023-12-04 08:00:00
1083,3a5c41de4f5bc3fcd804a90fbe0c4e1f,purchase,2023-12-05 08:00:00
1088,971df20be949e8f7e191bcb71c3f36e3,purchase,2023-12-10 08:00:00
1094,885f65d44364bdbd9d804a783df6e68b,purchase,2023-12-16 08:00:00
1097,31c947313281143e7377658470ee32e6,purchase,2023-12-19 08:00:00
1098,b0888478fbb0870f2a32a3f0741e6c92,purchase,2023-12-20 08:00:00
1104,ab15424cb627b42a33fa11449b57e9f0,purchase,2023-12-26 08:00:00
1107,ea4843790d62b0be06df2aa600318108,purchase,2023-01-01 00:00:00
1108,8e43aea673da5712fe8651cf9969247a,purchase,2022-12-28 10:00:00
1109,3d842e26605d9c734b638ee025e2c6fb,purchase,2022-12-29 10:00:00
1111,7e6d36b007d5a7b3b8a76a24fd0bfba2,purchase,2022-12-31 10:00:00
1117,0b5d6c15d46bbfaf0b977d760e491525,purchase,2023-01-06 10:00:00
1120,3eb610a3e27fd56e5aca4cd5910aff37,purchase,2023-01-09 10:00:00
1121,219aba9cb81e16e01cb8fe79796f716b,purchase,2023-01-10 10:00:00
1127,8443bcff15cc96ba7223c430da08a143,purchase,2023-01-16 10:00:00
1130,1af647a86d0fd4a126c313258cbe06cd,purchase,2023-01-19 10:00:00
1131,7b1781172e4b65ecfec72f1003db0184,purchase,2023-01-20 10:00:00
1137,c007a8a924da9bdf4413e7f4af2a094c,purchase,2023-10-11 08:00:00
1140,bcb99b0ef8fee9086031bf1128729a78,purchase,2023-10-14 08:00:00
1141,bd267e9993bf46b437df949221e20341,purchase,2023-10-15 08:00:00
1147,0802f581732467a64544573bf69a0698,purchase,2023-10-21 08:00:00
1150,148542ab75d3d2db9980410b314f953a,purchase,2023-10-24 08:00:00
1151,56e7628082483fbc470ec0abe824e2d0,purchase,2023-10-25 08:00:00
1157,07a08795e7bca5e34f959cae28139e96,purchase,2023-10-31 08:00:00
1160,41e83d742bbae7aa786d411da0cdc43e,purchase,2023-11-03 08:00:00
1161,a2de42d35ddfe7f05592618adca895dc,purchase,2023-11-04 08:00:00
1165,9c5d3643fa3670072302b9467acb3aa8,purchase,2023-11-08 08:00:00
1171,b86cdca131e9d32dd6a425a45b1fd3c3,purchase,2023-11-14 08:00:00
1174,b83749355619f85c24877ae7ad584d2c,purchase,2023-11-17 08:00:00
1175,5c80a34d5f6edf911efec8f3321725e7,purchase,2023-11-18 08:00:00
1181,cbcf55c81b2cd18392d38483f970fee5,purchase,2023-11-24 08:00:00
1184,aca947573a4eb994c8999dd726215a7f,purchase,2023-11-27 08:00:00
1185,a39d2ead49c5b04b7a889e292077086f,purchase,2023-11-28 08:00:00
1191,62786541b3339c9d519920d6a0145bf6,purchase,2023-12-04 08:00:00
1194,e9b4e432c22cefa1dfe00c44c149d011,purchase,2023-12-07 08:00:00
1195,db44e5f1b972bb03c0e5ce616bb3bc0e,purchase,2023-12-08 08:00:00
1201,4726b4930257f32b23fb5d65b153e181,purchase,2023-12-14 08:00:00
1204,f51d148805b66b3c9be47278016b9100,purchase,2023-12-17 08:00:00
1205,989602a1b42de4a3781246e231c53b6d,purchase,2023-12-18 08:00:00
1211,7754de864cb3b9586254e370d5986856,purchase,2023-12-24 08:00:00
1214,8849e4266b63d8cdf0cde145cc3cb780,purchase,2023-12-27 08:00:00
1217,40737fb47ea485309a529ebc0e574a1a,purchase,2022-12-28 10:00:00
1223,52a8732647b673f02426dd30ad19bf59,purchase,2023-01-03 10:00:00
1226,21f3a8688c1e9f76c8145c05f3512c8c,purchase,2023-01-06 10:00:00
1227,1adbdb012335bd79932a1bd3ddbec9cc,purchase,2023-01-07 10:00:00
1232,09094cff281b46956b46479047c62796,purchase,2023-01-12 10:00:00
1238,b6368039543b33d1ce61ca8b13a146ec,purchase,2023-01-18 10:00:00
1241,6d392928a0a4a889b519c6d51aa44d3f,purchase,2023-01-21 10:00:00
1242,f9a2873124c9de1b0aeb1cdb2b602557,purchase,2023-01-22 10:00:00
1248,b575485d33a26f9ff7ccb11bcf73accc,purchase,2023-01-28 10:00:00
1251,803e376fcbc3631b22b5e1743cdb7dc8,purchase,2023-01-31 10:00:00
1252,5579ed6febe0be42709656b2009a32ac,purchase,2023-02-01 10:00:00
1257,df81ccd341a4af5f7172a54081fd1e05,purchase,2023-02-06 10:00:00
1263,f2beba0c006b81f4535d6b2794b6183f,purchase,2023-02-12 10:00:00
1266,167558b572e3e21d6e6a3810cff3f859,purchase,2023-02-15 10:00:00
1267,7e1c6511aa84d756f3ab6b2606e7d87e,purchase,2023-02-16 10:00:00
1273,2ed64a3b4b672b03b2a3e8a5329c5c9c,purchase,2023-10-10 08:00:00
1276,c4e9e3260c85ff57679fcc03da8ec772,purchase,2023-10-13 08:00:00
1277,fa73fb6c0fa813339d67b0ab01179c32,purchase,2023-10-14 08:00:00
1278,2fd83c504ed75a51dd26d6ac7332c303,purchase,2023-10-15 08:00:00
1284,7cf8cfe56501f7b352a4a7d086fabc9f,purchase,2023-10-21 08:00:00
1287,39b4cdbe8bba03107ff7d4d097adb59f,purchase,2023-10-24 08:00:00
1288,05bd0eb6a114515127d969237937c660,purchase,2023-10-25 08:00:00
1289,065249112430edabd4a45888913a7b2c,purchase,2023-10-26 08:00:00
1295,8462a9bdf3e166e75813e7be633ccdb4,purchase,2023-11-01 08:00:00
1298,f953790bd2c9da66ceea8af3f4751f85,purchase,2023-11-04 08:00:00
1299,9fcc5e9b29b2ac2f097ce0dfcc17e625,purchase,2023-11-05 08:00:00
1305,6c08c5202983067bf1f62cc2cd4ec6bb,purchase,2023-11-11 08:00:00
1308,b64a7328eed7d7fb42d05a38f0fa8f3e,purchase,2023-11-14 08:00:00
1309,92ca2e763f1ca3196fc973b72436f34b,purchase,2023-11-15 08:00:00
1315,b3a26387aaceeabf64def5d2ae878428,purchase,2023-11-21 08:00:00
1321,4a44393d80dee6ca183f5ba79b1b1994,purchase,2023-11-27 08:00:00
1324,9284e81c75674a4d955d13b3dac65219,purchase,2023-11-30 08:00:00
1325,9d94f1c68631da611e3ab81bae6ff5d4,purchase,2023-12-01 08:00:00
1326,8cf38346e037ae0adcc348f1058dd38b,purchase,2023-12-02 08:00:00
1332,898720b304a83ed1dbb0511606a221a5,purchase,2023-12-08 08:00:00
1335,98c6081b2dfbf196fcdf222afe73ce78,purchase,2023-12-11 08:00:00
1336,2673616a5b3a452c5ff6fb1901d727b3,purchase,2023-12-12 08:00:00
1342,714d239536bbdbb5b4b52bb6c9dfc29f,purchase,2023-12-18 08:00:00
1345,b1cb0a8f8401f925ce37e5819d22d020,purchase,2023-12-21 08:00:00
1346,bf8d065ad54f85869df7d527f9c14db9,purchase,2023-12-22 08:00:00
1352,d4d0d5de2e813fcb784a2347579102fa,purchase,2023-12-28 08:00:00
1355,a3316c66f7b53f7202ccd7fcc4f42709,purchase,2022-12-29 10:00:00
1356,08955731758ad2f3618784569fe9011b,purchase,2022-12-30 10:00:00
1362,2cc6a0b5e3f55677a0cf48e156bf0c4f,purchase,2023-01-05 10:00:00
1365,3d08b2296ba1c058d28b95785f1691c8,purchase,2023-01-08 10:00:00
1366,05b1536c4d7b70d888eb3aa41d380115,purchase,2023-01-09 10:00:00
1372,e50f1d3bd95c9e2d117f78edf381032e,purchase,2023-01-15 10:00:00
1375,45f4a7c6b7d29d6751ffe10a743145fa,purchase,2023-01-18 10:00:00
1376,14e13b09adb60630d22f24dd9717810b,purchase,2023-01-19 10:00:00
1382,37b3cbfaa0f7cdbb7b3156cf4aed563b,purchase,2023-10-10 08:00:00
1385,b012c4abe4a6a008767e6dddfec2c5c5,purchase,2023-10-13 08:00:00
1411,15876da587525324d5806c1fec76c828,purchase,2023-11-08 08:00:00
1417,4da385f22018ea0a167d89652bc05cff,purchase,2023-11-14 08:00:00
1420,1d5542566062217608d4be3efd551c61,purchase,2023-11-17 08:00:00
1421,d2912f3dd63dc280ae34e3106206c32b,purchase,2023-11-18 08:00:00
1427,c5b0241426d07d789684447bbad693e8,purchase,2023-11-24 08:00:00
1430,d5d507f378dc1e26bfe32e1e34fbc75e,purchase,2023-11-27 08:00:00
1431,48d24c8db7f5ae709508ad96ce3c7b58,purchase,2023-11-28 08:00:00
1437,524dd38646ec03a1c931ff27e382421d,purchase,2023-12-04 08:00:00
1440,7a12b412fc84c36e48d895b906ee7b5b,purchase,2023-12-07 08:00:00
1441,2ce9a60c6a0a1478b5c7e9e095cde0e1,purchase,2023-12-08 08:00:00
1447,21c1174a41a42aef308043873e889c70,purchase,2023-12-14 08:00:00
1450,98eb7c71c5ff72651de55d96a926760a,purchase,2023-12-17 08:00:00
1451,3ad75debc25cacbdcf3fd8644685d523,purchase,2023-12-18 08:00:00
1457,bebaa136f0841c75a48708bf6e686ca8,purchase,2023-12-24 08:00:00
1460,e5fd0b043bd2c7df93df63644e053394,purchase,2023-12-27 08:00:00
1461,60b84f908ed6683121586adb1db1dc59,purchase,2023-12-28 08:00:00
1465,d8402c394d7f64691950e6fc97c8a366,purchase,2022-12-30 10:00:00
1471,e929b90c3d440871beee1d15fe79bbd5,purchase,2023-01-05 10:00:00
1474,f7ad27ca29d2b1c37afaf47965bf06cf,purchase,2023-01-08 10:00:00
1475,d9edbc44942651864525be132aecbc51,purchase,2023-01-09 10:00:00
1481,f858bb86b2917936b57dfcf0fa82ccea,purchase,2023-01-15 10:00:00
1484,5d9deab155648e3d0323a6da319210f8,purchase,2023-01-18 10:00:00
1485,43a9cabf22b51f6ff0db631f9ed74625,purchase,2023-01-19 10:00:00
1491,83638c3d549f46ff5e1ce47469558ae1,purchase,2023-01-25 10:00:00
1494,cc26bee55b063505defb6dc919a20375,purchase,2023-01-28 10:00:00
1495,5e81edd8e18e07fe202cd414415cf3e5,purchase,2023-01-29 10:00:00
1501,bca0f840cb11aa2a2dd87c6bbe903018,purchase,2023-10-11 08:00:00
1504,132169cbdd6a03ee4188d61941c27775,purchase,2023-10-14 08:00:00
1505,89e106a3800dd399a0ef017d7dcf16d6,purchase,2023-10-15 08:00:00
1511,833fdab8287397a0fa0c19dc6b1e268a,purchase,2023-10-21 08:00:00
1514,312296e611c71355aaaf834552e59e91,purchase,2023-10-24 08:00:00
1517,6ef28a3a7a3d24c1424dc5c2d246054c,purchase,2023-10-27 08:00:00
1523,cf5b9debdee9a0026c8b8e784e6b3929,purchase,2023-11-02 08:00:00
1526,1171e93762bdef88ee344b89b3f9a438,purchase,2023-11-05 08:00:00
1527,c1d2b83c8206b7e0be3f9a26a72af7aa,purchase,2023-11-06 08:00:00
1532,862b9c1267d783b208b80dbbcebbc975,purchase,2023-11-11 08:00:00
1538,61d28c31886856cb58c7dfb00909b36e,purchase,2023-11-17 08:00:00
1541,c9fdfeeba6a5830daecb55e75d28033d,purchase,2023-11-20 08:00:00
1542,cd750dd8a8dbe8ce4a6376df6dcfcd6a,purchase,2023-11-21 08:00:00
1548,44b79cb74d6050ffc7a6cd0aee246eca,purchase,2023-11-27 08:00:00
1551,8c6ad9bf877d898db059c068065559e4,purchase,2023-11-30 08:00:00
1552,d669852f16590ba9dd74c9f5737cd440,purchase,2023-12-01 08:00:00
1557,058b419304a444bd5d68f3299506e92e,purchase,2023-12-06 08:00:00
1563,ac13d16962a79e422b786a8b9e02acf3,purchase,2023-12-12 08:00:00
1566,ec98cb1b456d92fad6cb2353979181d3,purchase,2023-12-15 08:00:00
1567,6a385f9231f08c62c519aae8ebf0329d,purchase,2023-12-16 08:00:00
1573,f11fd4324b3b3d901f613b76e11c9895,purchase,2023-12-22 08:00:00
1576,c63f7f8adb5fb93ba43709a21da8d7ac,purchase,2023-12-25 08:00:00
1577,98da55ece0f33772e5cefd3d5ca42770,purchase,2023-12-26 08:00:00
1578,c2d1c9e32763663828fee454d5a523fb,purchase,2023-12-27 08:00:00
1584,858a7b378008bb88fb88cb83606f0593,purchase,2022-12-31 10:00:00
1587,c1c5910bb62729100c5ed0717ed104eb,purchase,2023-01-03 10:00:00
1588,4d62e01a2d96257613b3f4064f38a938,purchase,2023-01-04 10:00:00
1589,a126980fd7c0e40b0fff483ff03484d6,purchase,2023-01-05 10:00:00
1595,9e96161407a562d034b66276fe47feb9,purchase,2023-01-11 10:00:00
1598,166849169b5c09b8d9b32a1e6ddaa1af,purchase,2023-01-14 10:00:00
1599,b4fb31f451892f8d55dcd9cca24295e1,purchase,2023-01-15 10:00:00
1605,6ef7a022635ecf54f51728e24de9101a,purchase,2023-01-21 10:00:00
1608,bcf9f4fd7b0394da78f0f298f9cab88f,purchase,2023-01-24 10:00:00
1609,739ab455a0837d128d763f133cd45bce,purchase,2023-10-10 08:00:00
1615,7cd32caedad84767745541cdcee9bb44,purchase,2023-10-16 08:00:00
1621,7debcc87d790ed828ece210ce8061a3e,purchase,2023-10-22 08:00:00
1624,6f9bc6ad4613f9a4c0e12de35127ff6e,purchase,2023-10-25 08:00:00
1625,e672e3d74369ac7bdc979559f959faa8,purchase,2023-10-26 08:00:00
1626,6936d9bfeb6da7504d0b67dace2ce8c6,purchase,2023-10-27 08:00:00
1632,6773f98228e30d749c8f84775a82cca9,purchase,2023-11-02 08:00:00
1635,cca75108bcc9c4bec43f0a531ed21fb9,purchase,2023-11-05 08:00:00
1636,bf588a0f6959bbb17e86f1716073f6cb,purchase,2023-11-06 08:00:00
1642,36f9f7a74fda506557a8662767359ac6,purchase,2023-11-12 08:00:00
1645,d32d16992d9ffb3057780ed4b109260f,purchase,2023-11-15 08:00:00
1646,0060230165aa724806977225c15e2bb9,purchase,2023-11-16 08:00:00
1652,4e3d6f4b8e7e467801b7790be2d1371b,purchase,2023-11-22 08:00:00
1655,e08b28cf443ae71d840a93b4be19f3df,purchase,2023-11-25 08:00:00
1656,326e3f0d49ec0a29045fec8d824d5caf,purchase,2023-11-26 08:00:00
1662,e07a6a2f3f10b6347647c3535b62522b,purchase,2023-12-02 08:00:00
1665,765a28b1278115292181031cee46421c,purchase,2023-12-05 08:00:00
1666,996ee6c0b74fe3c55171c64a332431d1,purchase,2023-12-06 08:00:00
1672,6a23176847968421912a6ba6097b4c4a,purchase,2023-12-12 08:00:00
1675,100df5c43cc7728df3aa229c73c32b75,purchase,2023-12-15 08:00:00
1676,c265967d9559bc32c566409b458e306a,purchase,2023-12-16 08:00:00
1682,3021aa20ddfb526a0cfea18efc704c93,purchase,2023-12-22 08:00:00
1685,dc67d1129ea3405d2ad66be47e1e32dd,purchase,2023-12-25 08:00:00
1695,2ff6308de3f9a482afe4bfcbe29dc983,purchase,2023-01-02 10:00:00
1698,93a8a1e2a90621b9508282b65f835150,purchase,2023-01-05 10:00:00
1699,2969f13a1ddd42bb98faf6dbbaf310fc,purchase,2023-01-06 10:00:00
1700,547caf0ccca5a897537d5cbf1653eadb,purchase,2023-01-07 10:00:00
1706,a3daad923af839e1e0c4adf447f1b0d8,purchase,2023-01-13 10:00:00
1709,a5f7968199a47e46d92d63e7a235778b,purchase,2023-01-16 10:00:00
1710,30239aa2806308dbefb1414d9e6d3fa0,purchase,2023-01-17 10:00:00
1711,ae1147825ea16124bf61f5428c4ad964,purchase,2023-01-18 10:00:00
1717,0000fe97fd6c7705b08b7f4c7c5312ce,purchase,2023-01-24 10:00:00
1720,e1fcf2cb588e6f185a0711082719aa6c,purchase,2023-01-27 10:00:00
1721,5df3810bd29f85ff9cc29eb68931e31f,purchase,2023-01-28 10:00:00
1727,17fb95a0504283cca4902005d7ca858d,purchase,2023-02-03 10:00:00
1730,1603668fd25c65096a7c87cffd07d974,purchase,2023-02-06 10:00:00
1731,3ed4bd275b6e80623cbff5bfed744923,purchase,2023-02-07 10:00:00
1737,5e2b20e0664bc69f3c79aafaeaeeabca,purchase,2023-02-13 10:00:00
1743,e30793bb6145723820d948b6b71fac8b,purchase,2023-02-19 10:00:00
1746,cd4bd30ea3bc0af2a986b5d5d2a4a6cd,purchase,2023-02-22 10:00:00
1747,38ba0ebc5f667bbf8d784e93d9987f0b,purchase,2023-02-23 10:00:00
1748,75846f64f0cb6f7a77535808239dbd6d,purchase,2023-02-24 10:00:00
1754,48d3a4eddb45e6ecbee4b78438846baa,purchase,2023-03-02 10:00:00
1757,860fd818448f5877f76b318fb2cc7b33,purchase,2023-03-05 10:00:00
1758,dc4aa41457bc7d1736fa17d9f8200208,purchase,2023-03-06 10:00:00
1764,3bc9beff4cc19c013a2fa39352f7d57f,purchase,2023-03-12 10:00:00
1767,0811c593514ef345df62b4bbd241d803,purchase,2023-03-15 10:00:00
1768,76bd8238c53c20718080207faed1159f,purchase,2023-03-16 10:00:00
1774,b76ded15bcbc8b6f75c6b98c7ca1b06a,purchase,2023-03-22 10:00:00
1777,c6b5a98c8ab60a97081d9409b106b0ca,purchase,2023-03-25 10:00:00
1778,869ea8e7992197d5a0b80cdbd723227d,purchase,2023-03-26 10:00:00
1784,60974e2b09733809318676ee8dd90d10,purchase,2023-04-01 10:00:00
1787,cae5f5fca71ddb4c02f43be5957747b4,purchase,2023-04-04 10:00:00
1788,1f5c35a79325b8239e65aa22ffa96b61,purchase,2023-04-05 10:00:00
1794,2fb7543fd8be4a9745215d3ad0d5b816,purchase,2023-04-11 10:00:00
1797,26155985d097aa89dbe6032a8a16a026,purchase,2023-04-14 10:00:00
1798,35a9ea03e41c3e4ced431ce5e7060bec,purchase,2023-04-15 10:00:00
1804,40c3c546a92b541e1260ec1ff9f01baa,purchase,2023-04-21 10:00:00
1807,55b36bca7b34bdb19a5c4ec8c0415144,purchase,2023-04-24 10:00:00
1810,218de61f0e0a3e6d044ac1c9f4124615,purchase,2023-04-27 10:00:00
1816,7d8f06ef04b4444276f9607ff191d230,purchase,2023-05-03 10:00:00
1819,216b5ccf245274404407a319e5b63311,purchase,2023-05-06 10:00:00
1820,7e77af72a8bde02238d291bdd169fdbf,purchase,2023-05-07 10:00:00
1826,9daea786a13f8d24d354f39448f5565a,purchase,2023-05-13 10:00:00
1829,7bf4d392c47b749552669e3440452e61,purchase,2023-05-16 10:00:00
1830,8ee3c1d29834f4eb2f212cd647d775dd,purchase,2023-05-17 10:00:00
1836,786c0b2a85e0324f387f5a64958600bf,purchase,2023-05-23 10:00:00
1839,67f36b3e9a1271340c91b880c0a94037,purchase,2023-05-26 10:00:00
1840,c91a895ede14d23a6a1cc01efdd501d9,purchase,2023-05-27 10:00:00
1846,ab8dfc3b248830af69e54505d22f2772,purchase,2023-06-02 10:00:00
1849,9f14997e028e255059ef5c68094ea325,purchase,2023-06-05 10:00:00
1850,1f6f28d81c392bcb44d4b807b6888298,purchase,2023-06-06 10:00:00
1856,9943ed318747991fd9c21f72c370f966,purchase,2023-06-12 10:00:00
1859,506c156a640ce6e2ee0896322ecc4ed3,purchase,2023-06-15 10:00:00
1860,b3ef19254dc84518be38a2c973830d29,purchase,2023-06-16 10:00:00
1864,60fcd8fa4ffe467915a4b384681143cb,purchase,2023-06-20 10:00:00
1870,264f366e86aa817281a9a4a69ed65763,purchase,2023-06-26 10:00:00
1873,ae1c61d94e15580286b92dcf09f48bda,purchase,2023-06-29 10:00:00
1874,c6983c3645ce85e1caac0c565842ca58,purchase,2023-06-30 10:00:00
1880,e1c051eec31dad04a94b17628e52b64d,purchase,2023-07-06 10:00:00
1883,4ca120b479469d379fc383df57416eff,purchase,2023-07-09 10:00:00
1884,748bdef3e76a6beba388931543cf522c,purchase,2023-07-10 10:00:00
1890,46c91d65a8523a224cab017cc46552c2,purchase,2023-10-12 08:00:00
1893,c237dd18b49f1c50293f6db52d7770c8,purchase,2023-10-15 08:00:00
1894,86ba06be726e1da9adb9b2ce67c9ce33,purchase,2023-10-16 08:00:00
1900,8553e50b79a0726c003a4a0c5e6cc28c,purchase,2023-10-22 08:00:00
1903,8d028e8f5620c0e536801b437a5b372a,purchase,2023-10-25 08:00:00
1904,f013fc940d9b030514fbec0da2d334d2,purchase,2023-10-26 08:00:00
1910,45fc6b15459d6667164a3e09ed3036b3,purchase,2023-11-01 08:00:00
1913,8c097955afb3f18a73888218691bdb5c,purchase,2023-11-04 08:00:00
1916,0ca04465049344258a6a6c43662b2148,purchase,2023-11-07 08:00:00
1922,49cdd6d4fadfad599052fa11ea9a55c1,purchase,2023-11-13 08:00:00
1925,ad9164821f1776766dd6dffb1151aeac,purchase,2023-11-16 08:00:00
1926,9b8ef7a4dfe419ddd2d31f141b27160d,purchase,2023-11-17 08:00:00
1931,bf5f428173c7d7eb6e6ff3546dc636ac,purchase,2023-11-22 08:00:00
1937,623e065e1ae8d2106d937f32911a168a,purchase,2023-11-28 08:00:00
1940,b5d51c851e78bc4262fbd7534ca76d95,purchase,2023-12-01 08:00:00
1941,7696da17a6ac24c862f0df8017ed8fbf,purchase,2023-12-02 08:00:00
1947,5badb8d6caca8e5b31e3d041f2eaf1ba,purchase,2023-12-08 08:00:00
1950,a93fd67197b7076b0e627ba0d3348800,purchase,2023-12-11 08:00:00
1951,5cc9a9edf05f98ac19605c5d1e915125,purchase,2023-12-12 08:00:00
1956,c220268f9058bfcce9416e051899fdfa,purchase,2023-12-17 08:00:00
1962,fc4afefe45d7a64259c4b517b563d97a,purchase,2023-12-23 08:00:00
1965,0e2d4580b5be022ac04c8787634afb9a,purchase,2023-12-26 08:00:00
1966,f99610e9cbb29fd002c9cb88a3b1b4cf,purchase,2023-12-27 08:00:00
1972,adea4e09f2ff778f506ab2056bfefaf1,purchase,2022-12-31 10:00:00
1975,61f9ce72eec3fb326fa78e528b4c7947,purchase,2023-01-03 10:00:00
1976,ddb7283c754a0ef2ed583fb5cbf58617,purchase,2023-01-04 10:00:00
1977,ee799c218c2f235a5448cbda9f3827a8,purchase,2023-01-05 10:00:00
1983,361891eb1d8c876824eaab718c8375bb,purchase,2023-01-11 10:00:00
1986,a5c3867fb573756b710a57aaf554213a,purchase,2023-01-14 10:00:00
1987,96adab4bd00405d2dac0d2a9fd75f52d,purchase,2023-01-15 10:00:00
1988,5814749668c95d51ad1f0e71a4872215,purchase,2023-01-16 10:00:00
1994,b081ebf3d3a6246138788b8039995d54,purchase,2023-01-22 10:00:00
1997,e2cbdaa6b1ee6a738542f730368dc01b,purchase,2023-10-10 08:00:00
1998,491ca5b2eb12adcdae7e15757036a406,purchase,2023-10-11 08:00:00
2004,eed93d6ce56aa983fb63a007b70565e0,purchase,2023-10-17 08:00:00
2007,1946c987e0bcf2dc59371edd61b87d0e,purchase,2023-10-20 08:00:00
2008,6d8f35b292d99c7465addf6d65c44b34,purchase,2023-10-21 08:00:00
2014,b0480c932b28fffef5a33c4ccfbf5aac,purchase,2023-10-27 08:00:00
2020,0fed7394d08a20f139e7b509f2e27a10,purchase,2023-11-02 08:00:00
2023,3563cc49f485b4c583616e7f0b22b1f0,purchase,2023-11-05 08:00:00
2024,d86ff1dce4aa66c35f2112767cfda33c,purchase,2023-11-06 08:00:00
2025,d3ac7ddcbed71321dc3dfd0dd43128f2,purchase,2023-11-07 08:00:00
2031,e5e037568b77ab94ff6da2e34e5a866c,purchase,2023-11-13 08:00:00
2034,dc4dd4b13125b54100afb9df68ff32c7,purchase,2023-11-16 08:00:00
2035,df466bf11348a78c047d85b403615721,purchase,2023-11-17 08:00:00
2041,5685f99af1b4801ed849e52c6187caea,purchase,2023-11-23 08:00:00
2044,346f1ebfb7f9f9d94ed01f175e4a14f2,purchase,2023-11-26 08:00:00
2045,f1c185281042b37540194296a795aab8,purchase,2023-11-27 08:00:00
2051,17105b4712370ec57ab3f2e28bde40b0,purchase,2023-12-03 08:00:00
2054,325affdedb32006be8c29d3371ebd60a,purchase,2023-12-06 08:00:00
2055,8cc2a9f0f4a0ed1cd7ca951d5a33a583,purchase,2023-12-07 08:00:00
2061,a6d8576c14c8d60153aeffc47a408cf4,purchase,2023-12-13 08:00:00
2064,95a0f259a434524c1926e055c9133013,purchase,2023-12-16 08:00:00
2065,441bac7ee7f4edf30dede86e6b116126,purchase,2023-12-17 08:00:00
2071,9d9e7967ced1305379147561a8f340ef,purchase,2023-12-23 08:00:00
2074,9b80c3466d099176ab3c2a4188a6f4ab,purchase,2023-12-26 08:00:00
2075,f92807b667088651cbd4ab2f86f8d8f5,purchase,2023-12-27 08:00:00
2081,dff625560933f73a6a6944be079615e7,purchase,2022-12-31 10:00:00
2084,93e77d8a19b231249ecd9f0d149ffe16,purchase,2023-01-03 10:00:00
2086,7a1f53f4007221c8e0b0dbcf135e6490,purchase,2023-01-05 10:00:00
2092,a3b569e394762e25527a340a7bd4619e,purchase,2023-01-11 10:00:00
2095,c8482f5eca970866c09ef79b0bc525be,purchase,2023-01-14 10:00:00
2096,eb95c745910edc2e4a28cbeda8ce0078,purchase,2023-01-15 10:00:00
2102,f5160b84eeab1d4af0e18a10c0419670,purchase,2023-01-21 10:00:00
2105,d04eb1ab0fcfde9ac8bdc21f72ffa3e1,purchase,2023-01-24 10:00:00
2106,c943ab780c84288f592e8bb660c4b744,purchase,2023-01-25 10:00:00
2112,ecec56bdde9b5cb77c4d9dc412a2014d,purchase,2023-01-31 10:00:00
2115,ac8a68131c780aaa9816d012c1b9aa33,purchase,2023-02-03 10:00:00
2116,833bdbd20fe847305e8e6a9a272f9eff,purchase,2023-02-04 10:00:00
2122,9a3631743134887e98b7feb2f4eb4e31,purchase,2023-02-10 10:00:00
2125,5ed72711ae91219fbb247211dd037675,purchase,2023-02-13 10:00:00
2126,680991165edf001dff0339f1420afbb7,purchase,2023-02-14 10:00:00
2132,934a15963814db5c356688abb046e8b5,purchase,2023-02-20 10:00:00
2135,5063e279dd268ed58e7795d0abd21afb,purchase,2023-02-23 10:00:00
2136,29f0ef47ef406ba8387e2b5ca9ea9c6a,purchase,2023-02-24 10:00:00
2140,19159718f3c02c87abc1774caba73a0f,purchase,2023-02-28 10:00:00
2146,0f044ec2b6879a9f43dc1e12ffc2c3ea,purchase,2023-03-06 10:00:00
2149,cc5ef7946bc62faf12bd8e0b32105f09,purchase,2023-03-09 10:00:00
2150,3f7feab4de5e72aebe4e8405ebbf4273,purchase,2023-03-10 10:00:00
2156,65ef0847a0d146880a0e05d3e22955dc,purchase,2023-03-16 10:00:00
2159,c8af9b4adc75e7346bc1c5fa20306224,purchase,2023-03-19 10:00:00
2160,8697d602bd0705a818c0f6d669491dab,purchase,2023-03-20 10:00:00
2165,8e35f4cdf98cb4ef106f9b2e2298d1ee,purchase,2023-03-25 10:00:00
2171,476217d5a91d8636f896c2023ec90d41,purchase,2023-03-31 10:00:00
2174,24adfe52668f299ce5654bb61a6cd35f,purchase,2023-04-03 10:00:00
2175,38ed1d00add96bcfb58964936b66de21,purchase,2023-04-04 10:00:00
2181,be8ac5147258d7c430fb126ac0e7e165,purchase,2023-04-10 10:00:00
2184,0e5c08e6b98643e81610a2d716f03f15,purchase,2023-04-13 10:00:00
2185,b12bd18a1dc3cbdfe41d604515d020d5,purchase,2023-04-14 10:00:00
2191,0f93c4acd4a9efbc595379df536eda91,purchase,2023-04-20 10:00:00
2194,dee47e4e9929ec75088d7bb02bdaa394,purchase,2023-04-23 10:00:00
2195,491835c87e82c91b15a9508b2b36ccc1,purchase,2023-04-24 10:00:00
2201,3924e2144d0b3e64147cce88596a06cd,purchase,2023-04-30 10:00:00
2204,df40019c1753355b36ec060597b05565,purchase,2023-05-03 10:00:00
2205,b3982c752e0c810914903c24873d7b5f,purchase,2023-05-04 10:00:00
2211,f96a51fdf0f877a789ee0713997ce134,purchase,2023-05-10 10:00:00
2214,2b0a33cd262ac1ee0cef29d672610674,purchase,2023-05-13 10:00:00
2215,c899e69eeaf0dd67fb9ebd03b52f0c0c,purchase,2023-05-14 10:00:00
2219,42f08580945e07c9fa36b4b7a579ae2d,purchase,2023-05-18 10:00:00
2225,194fa12c650a148a12e783fc8bcf1800,purchase,2023-05-24 10:00:00
2228,a047a3c2aa91a3d30b71a97e14b0aacf,purchase,2023-05-27 10:00:00
2229,1421e8c9275bad52d9aef149d3db11e3,purchase,2023-05-28 10:00:00
2235,28fd80cc89a505b12d3c79c7effb1362,purchase,2023-06-03 10:00:00
2238,eb55223c34b2f7e44f58371bf7360d85,purchase,2023-06-06 10:00:00
2239,0980fae6430e8a12d9a792dd11ab1f7f,purchase,2023-06-07 10:00:00
2245,4bf1583907f58f8e05981a5e2610764a,purchase,2023-06-13 10:00:00
2248,db697d8a11ae1ae790207500ccbecdd7,purchase,2023-06-16 10:00:00
2249,06882592ab421a06cfa517f611f8bf3c,purchase,2023-06-17 10:00:00
2255,112ac526ead8b0a54ad393f00a9188e9,purchase,2023-06-23 10:00:00
2258,c42fffcd76a35d23e56664e4fc1e33ac,purchase,2023-06-26 10:00:00
2259,b14d8f408e5ef04a07e31a631405e523,purchase,2023-06-27 10:00:00
2265,10c7bc637c0b4b706c0cf4c2da309e64,purchase,2023-07-03 10:00:00
2268,c2e327d12f3289bd5b155d620d5e86cd,purchase,2023-07-06 10:00:00
2271,dc97e77c7d52828909c1c381b9658832,purchase,2023-07-09 10:00:00
2277,089278c9186996353e4bdb08138d7d7c,purchase,2023-07-15 10:00:00
2280,85a28167a32cac99b4845d6e77004e69,purchase,2023-07-18 10:00:00
2281,3b1cda1513f867faa89db789d3cbf775,purchase,2023-07-19 10:00:00
2286,2df208c554a121478c3a81d2ebb67569,purchase,2023-07-24 10:00:00
2292,fd3504c6f6a8ef65520cd086b0fc4c94,purchase,2023-07-30 10:00:00
2295,289cf4e51ba4f56bd0e6bb10ac068a0c,purchase,2023-08-02 10:00:00
2296,71fbffe789221731734673e7df3664f1,purchase,2023-08-03 10:00:00
2302,93a969b1022db6f180228b2c34c5a603,purchase,2023-08-09 10:00:00
2305,1656d377cb381f8a44a7834c5e642a8a,purchase,2023-08-12 10:00:00
2306,905b1d2373adb1703588d5fdf5ddf2de,purchase,2023-08-13 10:00:00
2311,acea59bfde8cac71a669d92e49507b84,purchase,2023-08-18 10:00:00
2317,f5c8fac4523250095918ead12bc79801,purchase,2023-08-24 10:00:00
2320,4f73f0f5ed2f279f1d9832d501281f74,purchase,2023-08-27 10:00:00
2321,fec4601a994957c9bdd1b94d6828df83,purchase,2023-08-28 10:00:00
2327,034bc638e2ccd85bd37193d028202ecf,purchase,2023-09-03 10:00:00
2330,2d14fe61a02de42e703908ca347ec875,purchase,2023-09-06 10:00:00
2331,5316da467646b5f22f6bdfb0f47b0867,purchase,2023-09-07 10:00:00
2332,a2db7a96d1d72510cf3cda4d75f6bb46,purchase,2023-09-08 10:00:00
2338,31881da2ccc09a4d69981c74391704d9,purchase,2023-09-14 10:00:00
2341,03bad9052a2c846d21651d8664bd6246,purchase,2023-09-17 10:00:00
2342,18299f4e0bc9cf3f9d25ec6cef946ab6,purchase,2023-09-18 10:00:00
2343,6131db2b98609054c68431983f6169ca,purchase,2023-09-19 10:00:00
2349,c0f242527a325e29cafb8402b9a462b3,purchase,2023-09-25 10:00:00
2352,7d17369f1fee9f9e7ead5b4de5be2706,purchase,2023-09-28 10:00:00
2353,99d3bc3187404c900f00d7ae93040420,purchase,2023-09-29 10:00:00
2359,a5e1ade415c18a01a912da1a45ec0027,purchase,2023-10-14 08:00:00
2362,1ac65f0b11906ca7df5fac5df29026b5,purchase,2023-10-17 08:00:00
2363,05fe173ff2c444a09d1bb372cdc85158,purchase,2023-10-18 08:00:00
2369,ffd53b0df120a882e2bdb21e2fa507ee,purchase,2023-10-24 08:00:00
2375,b8f28a2311c7d518db670b615a026013,purchase,2023-10-30 08:00:00
2378,d7830f59c7ff571c8761a25c9018ebe6,purchase,2023-11-02 08:00:00
2379,b73d13658c446e08abec1f1f7d4dbf23,purchase,2023-11-03 08:00:00
2380,9564d1d0d7c502b550159e96c4f94dc5,purchase,2023-11-04 08:00:00
2386,52924edfc07314758759676ca3ae0145,purchase,2023-11-10 08:00:00
2389,30361650717dad9b4eb59a28611a06fb,purchase,2023-11-13 08:00:00
2390,050ab49aba6e59d0b82c9ebb37bc806d,purchase,2023-11-14 08:00:00
2396,d709a85ed25344990698639ea26a2fde,purchase,2023-11-20 08:00:00
2399,1437ad90a72f0b0486ecad30e38ab6f4,purchase,2023-11-23 08:00:00
2400,4bbc7a25f0577a985016ed0af4bd3aae,purchase,2023-11-24 08:00:00
2406,75ea33405dad86ad3d35b685d91169ac,purchase,2023-11-30 08:00:00
2409,688395bec3dd1797d15119b5b14a631c,purchase,2023-12-03 08:00:00
2410,a8d416d4133c5afd29b4079c2d63ecf5,purchase,2023-12-04 08:00:00
2416,affefda040b0ba617898773f773d356a,purchase,2023-12-10 08:00:00
2419,d5a6a21d087832385f07bbd6fcbca7c8,purchase,2023-12-13 08:00:00
2420,ec91e84b184fefa7c21648d1a0dc691b,purchase,2023-12-14 08:00:00
2426,d073d0c3334ae7b5c21d6dfbd5d06b9e,purchase,2023-12-20 08:00:00
2429,7ca93384d566df7ff5ca05e33d4f8a5b,purchase,2023-12-23 08:00:00
2430,95e0cd18ad6c6379fd03351480e806b3,purchase,2023-12-24 08:00:00
2436,83fe3b2fb022b6e5512dea5969e4c152,purchase,2022-12-28 10:00:00
2439,d457e25f18ddce4d9e32b61b729cddf7,purchase,2022-12-31 10:00:00
2474,a8eb9ab65e7f0239ff579b630f27f966,purchase,2023-10-20 08:00:00
2480,f6a84dcb920ad3148ca17c361b4918f7,purchase,2023-10-26 08:00:00
2483,0a3499486cbfc145724e6d3b9ab41866,purchase,2023-10-29 08:00:00
2484,14ed1eb729120cb8bc1d57a0c2aa2f57,purchase,2023-10-30 08:00:00
2490,8aca0a9872c41926cc61b067df87c942,purchase,2023-11-05 08:00:00
2493,b4a8adfbe7b3f4b2da1f6573ecced8f5,purchase,2023-11-08 08:00:00
2494,8f1c02befcad104e99df55229320b4c4,purchase,2023-11-09 08:00:00
2500,2971e476393b1b715a51005f0adc8b5c,purchase,2023-11-15 08:00:00
2503,a25aafdeaea39dba0b1b0a1123d957ac,purchase,2023-11-18 08:00:00
2504,414d401025eadfc02848200c496a9359,purchase,2023-11-19 08:00:00
2510,afb832d29294223b8c69d91a7ae05016,purchase,2023-11-25 08:00:00
2513,5d1a8a102c68054bf2c1e17ee838f6a8,purchase,2023-11-28 08:00:00
2514,1d5449e95fff53a452bfef19c376e203,purchase,2023-11-29 08:00:00
2520,d5d2431fc95c46ad518a224453260821,purchase,2023-12-05 08:00:00
2523,198ad0dfddaa103b63a59b3cfe7e6927,purchase,2023-12-08 08:00:00
2524,8267acff03b0e83e24e48b76aac0b2f5,purchase,2023-12-09 08:00:00
2528,bea2390e156362d5554b92c36031785c,purchase,2023-12-13 08:00:00
2534,f37bb403c88cd5e0fd4f50a89cee6f6b,purchase,2023-12-19 08:00:00
2537,5c47f17eea4d416f1e3711c5a3e52bda,purchase,2023-12-22 08:00:00
2538,7fea591dd926bd30e8e7243894efefe5,purchase,2023-12-23 08:00:00
2544,893644c2494aa7944c7133eb1fb6e7b0,purchase,2023-01-01 00:00:00
2547,f75970486943671bef5e3c94fedd2071,purchase,2022-12-30 10:00:00
2548,ef2b5e145ff5825a1f8bac4051a2a1a9,purchase,2022-12-31 10:00:00
2554,77e3212692b68c15c3784fb91499c836,purchase,2023-01-06 10:00:00
2557,63f33269bd408e3cfa627e90785a6560,purchase,2023-01-09 10:00:00
2558,6072573c027141031f29f83a93f92a1e,purchase,2023-01-10 10:00:00
2564,398a7d0f271c24fb5ff9b225f571d76f,purchase,2023-01-16 10:00:00
2567,1c2b2f2e14546c56f9d5a323a53f1b2b,purchase,2023-01-19 10:00:00
2568,9085ed4d1616ed9d94c74b22005058de,purchase,2023-01-20 10:00:00
2574,0272ac4c6794e0401d8d0b39f532125b,purchase,2023-01-26 10:00:00
2577,c5b93e6a0b8a1cfb02bd0032988043ec,purchase,2023-01-29 10:00:00
2580,8da97966891c4d0cb18deb75157c822e,purchase,2023-02-01 10:00:00
2586,c8833f3cf6a61b9c39c90eef38efbe66,purchase,2023-02-07 10:00:00
2589,c1e85364b71146414e9b09c3902f73a8,purchase,2023-02-10 10:00:00
2590,e469b569286fd8a4a059f7c64e6de639,purchase,2023-02-11 10:00:00
2595,fad0ba809954dcbbff3feb1f9b573b13,purchase,2023-02-16 10:00:00
2601,6af547fb11db8eb3ef79dd23c7a3b890,purchase,2023-02-22 10:00:00
2604,92216d90be4aee83bfc0e59b6daf29b4,purchase,2023-02-25 10:00:00
2605,6ebe1e227159a64372d2df5c2faed2e8,purchase,2023-02-26 10:00:00
2611,cc5f508a1cc8d6f350c7bef020b3f54b,purchase,2023-03-04 10:00:00
2614,081e97de7d8a5ca9b0c772c8af050d23,purchase,2023-03-07 10:00:00
2615,6356b84edc00b9c0ea606ba0f6ef4ec7,purchase,2023-03-08 10:00:00
2620,b7df65cc3f3cfdc99df9a93c4a5bce40,purchase,2023-03-13 10:00:00
2626,78213660d09016dd076bd640e5908daf,purchase,2023-03-19 10:00:00
2629,89b85ec15373f28cf0e3ec3502fa234b,purchase,2023-03-22 10:00:00
2630,d87fb612fa3c7497fa2c1dd130988be7,purchase,2023-03-23 10:00:00
2636,d037546770e3d44df20b5a8d06983502,purchase,2023-03-29 10:00:00
2639,88277e855d6c9b02649ac00086394d22,purchase,2023-04-01 10:00:00
2640,acb3fd88d30158490886c554128ebbec,purchase,2023-04-02 10:00:00
2641,69c03be963a78464d6c06f9576f22b0c,purchase,2023-04-03 10:00:00
2643,9bf383d416cfdf42b2ed4f018654212a,purchase,2023-04-05 10:00:00
2649,d627d6ba2a8770967d65b48ed9bdd0f6,purchase,2023-04-11 10:00:00
2652,4464d4ac8e727393a041312986202f41,purchase,2023-04-14 10:00:00
2653,2c19672e3931f287184707d31b45d657,purchase,2023-04-15 10:00:00
2659,66f565e6f9197704767ca57aba9f6102,purchase,2023-04-21 10:00:00
2662,7ba66d32326b4cf2961bf673033aa462,purchase,2023-04-24 10:00:00
2663,8334446e2015c0f36343217ec4e5559d,purchase,2023-04-25 10:00:00
2669,b90d8f15c5b5257430a78b63c02e2f82,purchase,2023-05-01 10:00:00
2672,4a6215ee84d75da7203a38f7f1dda92e,purchase,2023-05-04 10:00:00
2673,71c27cac8d8f05102fcb8013303e07cc,purchase,2023-05-05 10:00:00
2679,0f4430a71110c64ce27259862b79b778,purchase,2023-05-11 10:00:00
2682,6142efec03ff35d2505882cb62d2a1c4,purchase,2023-05-14 10:00:00
2683,1e2d787b43296ecc43a085e9089b4b6c,purchase,2023-05-15 10:00:00
2689,a4636ffe4f46a3cd789b34b198495e8b,purchase,2023-05-21 10:00:00
2692,d5f9c140680bacdeb869287ec1085b4b,purchase,2023-05-24 10:00:00
2693,c7b6dad13d7c33e32f067becdf28bc3a,purchase,2023-05-25 10:00:00
2697,b9f97b6126d00b9e9b21ebda916c935f,purchase,2023-05-29 10:00:00
2703,f7adaf8dd9ce94de74cf5608ba7b4328,purchase,2023-06-04 10:00:00
2706,27299b82ccfdec4fde47ad6d21432929,purchase,2023-06-07 10:00:00
2707,ed9a3c0d55925aadadd58e5b8cfaff7f,purchase,2023-06-08 10:00:00
2713,afe0f32d8e82efe93aaab4c2eb8d6a93,purchase,2023-06-14 10:00:00
2716,e17e3e50da3df41a241dc78b958fdaa0,purchase,2023-06-17 10:00:00
2717,8d38b9397b1d4838cf0730458fbfd48a,purchase,2023-06-18 10:00:00
2723,0f267877468f9ff01a9c069d3cdf14e0,purchase,2023-06-24 10:00:00
2726,937997b995dd74a9cc5ff92ae80717b1,purchase,2023-06-27 10:00:00
2727,9a92622c559e5bc805d2db8e6d736737,purchase,2023-06-28 10:00:00
2733,2c159099b942d19d2b261cd0344dd25c,purchase,2023-07-04 10:00:00
2736,8839817bda98cefe786e4475f662d064,purchase,2023-07-07 10:00:00
2737,c51ff86f838a51067bfab9f8e98b6894,purchase,2023-07-08 10:00:00
2743,17d481e749edabc3211423b3b83ab1a4,purchase,2023-07-14 10:00:00
2746,1d477aad9ddca7f8bd6dbae34b1fa5df,purchase,2023-07-17 10:00:00
2749,ed9cef30b7f7a3f61b51aba129464e75,purchase,2023-07-20 10:00:00
2755,8b1a0cd297ba43f6db1a7aab2e2c427a,purchase,2023-07-26 10:00:00
2758,a40eaa35451d569b6efd39a299bd74d3,purchase,2023-07-29 10:00:00
2759,8c5faab4c05feb36f600bcc75fdf970f,purchase,2023-07-30 10:00:00
2764,734fb3a4ce2245af448045f4b103ca4c,purchase,2023-08-04 10:00:00
2770,ca0b6b5a6ed9b55b61eba3747ae7fd1e,purchase,2023-08-10 10:00:00
2773,0027503a50a4f83becb24bf43b2cafcc,purchase,2023-08-13 10:00:00
2774,a52e349f8329da21846069f3ac3e2586,purchase,2023-08-14 10:00:00
2780,66fb5ba1fa6603986d00368940ffc4dd,purchase,2023-08-20 10:00:00
2783,449359f36f22c66e193302083c016111,purchase,2023-08-23 10:00:00
2784,d5bb61d58ddbba2cc16c781d14f83f5b,purchase,2023-08-24 10:00:00
2789,a92a8f8ad237dc4771a78cc63429c27c,purchase,2023-08-29 10:00:00
2795,8174b197677e912421556a5b27d0ee19,purchase,2023-09-04 10:00:00
2798,3d5b8a643534061fe1e4492c88d508d0,purchase,2023-09-07 10:00:00
2799,84e97654fe50b2cc416e323ce7e449f2,purchase,2023-09-08 10:00:00
2805,8ec020cf3a8c732378cb6ae0ba17c349,purchase,2023-09-14 10:00:00
2808,1cfee950b15eefd8d07908567048390a,purchase,2023-09-17 10:00:00
2809,9f79fdd3d95a659db9cf2dbb0ed59952,purchase,2023-09-18 10:00:00
2810,1e89a59b37c64d0245be4b8411652be1,purchase,2023-09-19 10:00:00
2816,841e30eee734f1605f7ff5d82cd29362,purchase,2023-09-25 10:00:00
2819,78347a9af5fce9275b2b9d405b4abbd0,purchase,2023-09-28 10:00:00
2820,e3b653f4db997f034261901ec03b99eb,purchase,2023-10-10 08:00:00
2821,65b7222cc82aed538c08eff6175edc50,purchase,2023-10-11 08:00:00
2827,e304b8f98eefd928901182feb1d1d3d6,purchase,2023-10-17 08:00:00
2830,bd6cc37281d8c21ec458b43053e6b7db,purchase,2023-10-20 08:00:00
2831,8e0342e3ca136553d1c6d7a1456b7b0e,purchase,2023-10-21 08:00:00
2837,e71aec2710b6f2435693a5ebf7313381,purchase,2023-10-27 08:00:00
2840,cae8cb58c6e9a25fc54998516844245d,purchase,2023-10-30 08:00:00
2841,3ddf926486a4e4fdafcd64dfb4aecd8d,purchase,2023-10-31 08:00:00
2847,5470e2bf0347a1d03ce2ba9c529441d6,purchase,2023-11-06 08:00:00
2853,7010fac121d15c14b2140772113c4f5a,purchase,2023-11-12 08:00:00
2856,3ccb819eba75ca75301aa501acb521d4,purchase,2023-11-15 08:00:00
2857,8bd58a8a477d5408d9715c9352111f31,purchase,2023-11-16 08:00:00
2858,eec06082ee4af0dabc42af58fb81de8c,purchase,2023-11-17 08:00:00
2864,bf6f6fd48e4a986b6eddef6cae25487d,purchase,2023-11-23 08:00:00
2867,d821463a169207137008817f6e16c6f0,purchase,2023-11-26 08:00:00
2868,86977b910a95654e54ad59b237166848,purchase,2023-11-27 08:00:00
2874,aa57d55bd23b9a869de2fbe5900862db,purchase,2023-12-03 08:00:00
2877,987917f779540ac6ef9b451053755ffb,purchase,2023-12-06 08:00:00
2878,a0c000e87e601da16137ee0f3b064f6b,purchase,2023-12-07 08:00:00
2884,94c16bb21348fbc2b240007f2f4d122d,purchase,2023-12-13 08:00:00
2887,a70df4646dd65cd06a0f2a79c3c8a10d,purchase,2023-12-16 08:00:00
2888,9c15a3624246c8a6a9e4c71400a04d7e,purchase,2023-12-17 08:00:00
2894,28bfba64510bb71d0ff2ccb10393de6f,purchase,2023-12-23 08:00:00
2897,2de914fd2c696c28b56874b3d76e91b6,purchase,2023-12-26 08:00:00
2898,8639d7c4d2da4958acc58d704d46fb84,purchase,2023-12-27 08:00:00
2904,c9322df8af9357f7826a38a3d7177fb4,purchase,2022-12-31 10:00:00
2907,5d77c4f13902bb205f445086d95ee279,purchase,2023-01-03 10:00:00
2908,97be8c0e7619997e5911f206d70113fb,purchase,2023-01-04 10:00:00
2914,81ee706d3e5a9bf058d23e3f86f6b9b7,purchase,2023-01-10 10:00:00
2917,b18862e6ad2557ca125023140f369f95,purchase,2023-01-13 10:00:00
2943,0485d7625baa38e68b58686ffa078d2f,purchase,2023-10-24 08:00:00
2949,b70150b33bae8088491211af7681d897,purchase,2023-10-30 08:00:00
2952,5e30320be0e31072de185707a2433f2f,purchase,2023-11-02 08:00:00
2953,c7fd0d14235f2af6b0b1c243a5d84b7b,purchase,2023-11-03 08:00:00
2959,02784146ed29201f578c1d820db5ebeb,purchase,2023-11-09 08:00:00
2962,db0f489c6ae9624352e045daef21ae9d,purchase,2023-11-12 08:00:00
2963,b33530789dcab9538ce04eca57ef764a,purchase,2023-11-13 08:00:00
2969,6aaa19b3539e17d5adb109baa42b0acf,purchase,2023-11-19 08:00:00
2972,f1a8f9c2cfeafde72811cb8fabeeaaff,purchase,2023-11-22 08:00:00
2973,dcdd8988f1321d482334d712367adc77,purchase,2023-11-23 08:00:00
2979,069a19ea9ea2826682c74eceff242e59,purchase,2023-11-29 08:00:00
2982,d033a7e5b6596902f0965ea61fbd08be,purchase,2023-12-02 08:00:00
2983,fdb871290f16fa018ffc6abf04630696,purchase,2023-12-03 08:00:00
2989,06e8480f75c0414c5b0441e6df159f35,purchase,2023-12-09 08:00:00
2992,2e26df8b0c3338d980ffa909786e0d2b,purchase,2023-12-12 08:00:00
2993,f1c169fc0fbc069fdb894309f5a26d3a,purchase,2023-12-13 08:00:00
2997,19d150365d798db47cccf1622b6ad754,purchase,2023-12-17 08:00:00
